payment_id,order_id,amount,fee,tax,refund_amount,settlement_id,settlement_amount,status,created_at,settled_at
pay_146c13522c,order_e1161e1be7,385243,3852,1387,0,setl_b00aed17e7,380004.0,captured,2026-08-03 16:51:18,2026-08-05 16:51:18
pay_fad7777009,order_9ae4005c4e,167026,3341,601,0,setl_43c1eb3bfc,163084.0,captured,2026-08-04 09:17:12,2026-08-06 09:17:12
pay_c684c75a0a,order_1662fdc44c,404785,8096,1457,0,setl_77efc27b9c,395232.0,captured,2026-08-18 23:28:12,2026-08-20 23:28:12
pay_9bb21cf1bc,order_960b6bb307,95580,1912,344,0,setl_46d231e426,93324.0,captured,2026-08-15 07:59:12,2026-08-17 07:59:12
pay_75b00ab2fd,order_69eb9d39ee,65622,1312,236,0,setl_c6e83ebea0,64074.0,captured,2026-08-03 06:34:53,2026-08-05 06:34:53
pay_4b89ffd0be,order_a513d13dd6,314951,6299,1134,314951,setl_117f92b89f,307518.0,refunded,2026-08-15 14:42:04,2026-08-17 14:42:04
pay_cd489cb396,order_da416842a9,390726,7815,1407,0,setl_0981b8c9ba,381504.0,captured,2026-08-18 00:33:05,2026-08-20 00:33:05
pay_7802069942,order_6de9070c4e,165574,3311,596,0,setl_085a9d8557,161667.0,captured,2026-08-11 21:40:59,2026-08-13 21:40:59
pay_cf1e4892f2,order_28af6336a4,474374,9487,1708,0,setl_be217d3a18,463179.0,captured,2026-08-01 03:47:08,2026-08-03 03:47:08
pay_0fe42324aa,order_c3cc07de11,133707,2674,481,0,setl_7abaf57aaf,130552.0,captured,2026-08-17 22:41:44,2026-08-19 22:41:44
pay_db04851468,order_869afb2277,195684,3914,705,0,setl_3e24ef71c8,191065.0,captured,2026-08-04 18:34:24,2026-08-06 18:34:24
pay_b41bcea387,order_b087fbb8c7,450290,9006,1621,0,setl_62b6b0e122,439663.0,captured,2026-08-09 04:04:49,2026-08-11 04:04:49
pay_b41bcea387,order_b087fbb8c7,450290,9006,1621,0,setl_62b6b0e122,439663.0,captured,2026-08-09 04:04:49,2026-08-11 04:04:49
pay_46153542ed,order_a3022c75b2,100707,2014,363,0,setl_c72a215dfd,98330.0,captured,2026-08-09 17:07:14,2026-08-11 17:07:14
pay_68018ad2da,order_6258ac8f87,366526,7331,1320,0,setl_9737aa7612,357875.0,captured,2026-08-07 10:05:40,2026-08-09 10:05:40
pay_ec362f326f,order_eb297562c2,432589,8652,1557,0,setl_aa5cffe974,422380.0,captured,2026-08-12 03:38:03,2026-08-14 03:38:03
pay_d6fed675a8,order_8ed40f7b27,248461,4969,894,0,setl_48372eb609,242598.0,captured,2026-08-02 21:54:15,2026-08-04 21:54:15
pay_a1badc3bb9,order_d853839c18,484846,9697,1745,0,setl_ca9769b4e3,473404.0,captured,2026-08-16 06:12:33,2026-08-18 06:12:33
pay_c56cc19cb6,order_e685bcdb0c,239600,4792,863,0,setl_f78c777fd6,233945.0,captured,2026-08-15 00:19:55,2026-08-17 00:19:55
pay_921c462ee4,order_6288e41add,86466,1729,311,0,setl_d26fbec496,84426.0,captured,2026-08-02 02:41:40,2026-08-04 02:41:40
pay_a7753492fb,order_fb52e2bc44,455310,9106,1639,0,setl_d0af6dd24c,444565.0,captured,2026-08-08 00:34:50,2026-08-10 00:34:50
pay_be9ef4f18c,order_2f039d1fda,498432,9969,1794,0,setl_93110b9e41,486669.0,captured,2026-08-06 15:36:37,2026-08-08 15:36:37
pay_e90c5cb498,order_3fdfbaf7bb,249295,4986,897,0,setl_fc02bd427e,243412.0,captured,2026-08-07 17:55:52,2026-08-09 17:55:52
pay_1663dbb703,order_517142f89c,487314,4873,1754,0,setl_6eb0024978,480687.0,captured,2026-08-09 20:31:48,2026-08-11 20:31:48
pay_14b8fca8d9,order_bb70f31643,401364,8027,1445,0,setl_5b64284e79,391892.0,captured,2026-08-07 11:31:33,2026-08-09 11:31:33
pay_8d0d75aa0e,order_1a79fc8ad3,408375,8168,1470,408375,setl_887d807a71,398737.0,refunded,2026-08-16 17:30:28,2026-08-18 17:30:28
pay_dc53a421b7,order_eab60942c4,432272,8645,1556,0,setl_46b7666f7c,422071.0,captured,2026-08-06 22:36:45,2026-08-08 22:36:45
pay_dc53a421b7,order_eab60942c4,432272,8645,1556,0,setl_46b7666f7c,422071.0,captured,2026-08-06 22:36:45,2026-08-08 22:36:45
pay_e07c4c709d,order_388712b691,191530,3831,690,0,setl_f30a41e3c2,187009.0,captured,2026-08-16 12:49:36,2026-08-18 12:49:36
pay_7ff337e0f6,order_80e1d53654,165141,3303,595,0,setl_6e4ff8570c,161243.0,captured,2026-08-17 14:49:00,2026-08-19 14:49:00
pay_a54429fa9b,order_a1ee6566eb,452817,9056,1630,0,,,captured,2026-08-19 20:03:09,2026-08-21 20:03:09
pay_2d2cda6221,order_b9c7d47314,472075,9442,1700,0,setl_3e786bf602,460933.0,captured,2026-08-08 15:45:52,2026-08-10 15:45:52
pay_402ed999ff,order_3c2267bbcc,84701,1694,305,0,setl_82af70795b,82702.0,captured,2026-08-06 02:54:23,2026-08-08 02:54:23
pay_7e1747ee8e,order_cb42d13353,347365,6947,1250,0,setl_4ee710de88,339168.0,captured,2026-08-18 10:12:55,2026-08-20 10:12:55
pay_9aee361e81,order_972d7de5d0,393638,7873,1417,0,setl_610c09a143,384348.0,captured,2026-08-13 02:49:23,2026-08-15 02:49:23
pay_1a67559b28,order_3f4ef5e929,387039,7741,1393,38704,setl_ba28252da0,377905.0,partially_refunded,2026-08-12 03:18:02,2026-08-14 03:18:02
pay_763c2daab4,order_9855e4980d,440588,8812,1586,0,setl_641d7a8ae0,430190.0,captured,2026-08-14 15:01:14,2026-08-16 15:01:14
pay_d018e8e6dd,order_a4f539837e,441650,8833,1590,0,setl_e2b2d81fb6,431227.0,captured,2026-08-15 04:32:45,2026-08-17 04:32:45
pay_9af94652ea,order_871f8da672,355939,7119,1281,0,setl_e9ac332dcc,347539.0,captured,2026-08-10 16:40:03,2026-08-12 16:40:03
pay_73d94da85c,order_9d2849ef18,122525,2450,441,0,setl_d8bc793e72,119634.0,captured,2026-08-13 08:49:14,2026-08-15 08:49:14
pay_4b239e2023,order_6bd56a56f8,446247,8925,1606,0,setl_a6a6c04278,435716.0,captured,2026-08-02 03:26:50,2026-08-04 03:26:50
pay_7c0b0e8f73,order_36dbca1a0c,130132,2603,469,0,setl_13d035532a,127060.0,captured,2026-08-16 05:30:49,2026-08-18 05:30:49
pay_7c0b0e8f73,order_36dbca1a0c,130132,2603,469,0,setl_13d035532a,127060.0,captured,2026-08-16 05:30:49,2026-08-18 05:30:49
pay_a50c90b680,order_3e677bdc7e,362690,7254,1306,0,setl_6a217cf1e1,354130.0,captured,2026-08-02 13:00:27,2026-08-04 13:00:27
pay_686cb01710,order_34a7fdb180,362417,7248,1305,0,setl_15b9c937ea,353864.0,captured,2026-08-12 08:39:31,2026-08-14 08:39:31
pay_3a39c566ac,order_372f72ebeb,340049,6801,1224,0,setl_5de4a7baa2,332024.0,captured,2026-08-01 06:41:17,2026-08-03 06:41:17
pay_b769527d6e,order_e674e86e20,110058,2201,396,0,setl_1ed713796e,107461.0,captured,2026-08-17 13:07:30,2026-08-19 13:07:30
pay_862e6b5132,order_1e7ed529b9,443676,8874,1597,0,setl_5a841572f0,433205.0,captured,2026-08-07 11:26:12,2026-08-09 11:26:12
pay_9c4ce5fd31,order_23414d39bb,228349,4567,822,0,setl_c40a344c3e,222960.0,captured,2026-08-03 16:59:01,2026-08-05 16:59:01
pay_12c4e08b03,order_757910e813,132920,1329,478,0,setl_7cd6b6f587,131113.0,captured,2026-08-12 00:18:47,2026-08-14 00:18:47
pay_c2cae4aa4e,order_f2a06591cc,316171,6323,1138,0,setl_a6350529f8,308710.0,captured,2026-08-03 13:59:19,2026-08-05 13:59:19
pay_93f799edde,order_6c69720632,206471,4129,743,0,setl_bc7f008335,201599.0,captured,2026-08-16 12:12:54,2026-08-18 12:12:54
pay_7b87cf65a5,order_adef5d2e04,154286,3086,555,0,setl_7dbbe09e94,150645.0,captured,2026-08-04 17:02:07,2026-08-06 17:02:07
pay_2db484e0bd,order_221658b08a,134698,2694,485,0,setl_f79ed92031,131519.0,captured,2026-08-14 02:12:39,2026-08-16 02:12:39
pay_f343441ee2,order_6b680770e8,328058,6561,1181,0,setl_14c5c5dc55,320316.0,captured,2026-08-01 00:19:59,2026-08-03 00:19:59
pay_7bc70983af,order_a036a8d308,306170,9184,1102,0,setl_55f51f101f,295884.0,captured,2026-08-01 11:20:45,2026-08-03 11:20:45
pay_6fdc8beb6f,order_b84bef45d9,175541,3511,632,0,setl_baf537dbbb,171398.0,captured,2026-08-02 09:44:37,2026-08-04 09:44:37
pay_2ac55ec0ca,order_c16be167e8,347458,6949,1251,0,setl_aaa0210b61,339258.0,captured,2026-08-02 21:52:45,2026-08-04 21:52:45
pay_2ac55ec0ca,order_c16be167e8,347458,6949,1251,0,setl_aaa0210b61,339258.0,captured,2026-08-02 21:52:45,2026-08-04 21:52:45
pay_7e73800616,order_fec59dc06a,477831,9557,1720,0,setl_457ac2a3a3,466554.0,captured,2026-08-02 16:19:09,2026-08-04 16:19:09
pay_6bc8b23c0c,order_2d470b254e,329291,6586,1185,0,setl_56dd196124,321520.0,captured,2026-08-19 14:07:51,2026-08-21 14:07:51
pay_6bc8b23c0c,order_2d470b254e,329291,6586,1185,0,setl_56dd196124,321520.0,captured,2026-08-19 14:07:51,2026-08-21 14:07:51
pay_b2aeba496d,order_3cf8b423a5,338255,6765,1218,0,setl_426f16c524,330272.0,captured,2026-08-05 00:11:36,2026-08-07 00:11:36
pay_db6823fe94,order_483b11ed01,368029,7361,1325,0,setl_05bb3d3b13,359343.0,captured,2026-08-11 06:29:44,2026-08-13 06:29:44
pay_e8d7be6889,order_f3e7ce7c22,332746,6655,1198,0,setl_148e1775b0,324893.0,captured,2026-08-19 07:58:25,2026-08-21 07:58:25
pay_7bee5f2ef5,order_cff1fe57fb,155461,3109,560,0,setl_8619f93fe5,151792.0,captured,2026-08-18 07:19:22,2026-08-20 07:19:22
pay_cbc59a4698,order_e8d451facd,402157,8043,1448,0,setl_d6166ee53d,392666.0,captured,2026-08-16 18:34:53,2026-08-18 18:34:53
pay_ff64868276,order_4f70cadaf4,321358,6427,1157,32136,setl_695c68a96d,313774.0,partially_refunded,2026-08-11 23:00:35,2026-08-13 23:00:35
pay_c947b990e0,order_12183a77e5,227254,4545,818,0,setl_11f0f84f84,221891.0,captured,2026-08-01 12:15:12,2026-08-03 12:15:12
pay_4b3619c3e3,order_d1da5a8be3,170646,3413,614,0,setl_db6a1c36f2,166619.0,captured,2026-08-15 06:47:28,2026-08-17 06:47:28
pay_c44e6d806a,order_f33f4041cd,87220,1744,314,0,setl_8c47b9992d,85162.0,captured,2026-08-18 04:20:50,2026-08-20 04:20:50
pay_bb4cfeffcf,order_2964ce835f,170031,3401,612,0,setl_d1e03bd256,166018.0,captured,2026-08-02 15:15:48,2026-08-04 15:15:48
pay_f1f522908f,order_752a3bf96d,223239,4465,804,0,setl_7a9fa60df2,217970.0,captured,2026-08-02 17:16:38,2026-08-04 17:16:38
pay_ef7b8ac070,order_b1a745bfdd,196002,3920,706,0,setl_0929c51624,191376.0,captured,2026-08-17 05:42:28,2026-08-19 05:42:28
pay_8547cd1194,order_7560bfe801,332713,6654,1198,0,setl_148a323f55,324861.0,captured,2026-08-04 05:04:38,2026-08-06 05:04:38
pay_ae22fec195,order_9c01eb22f3,349391,6988,1258,0,setl_6e05194c83,341145.0,captured,2026-08-14 23:40:03,2026-08-16 23:40:03
pay_d78d432ccd,order_52fd4c7328,461366,9227,1661,0,setl_c6f65052b6,450478.0,captured,2026-08-12 11:31:36,2026-08-14 11:31:36
pay_a15b8bbce8,order_7d0ce534c7,149829,2997,539,0,setl_81e59fe868,146293.0,captured,2026-08-03 06:56:55,2026-08-05 06:56:55
pay_a15b8bbce8,order_7d0ce534c7,149829,2997,539,0,setl_81e59fe868,146293.0,captured,2026-08-03 06:56:55,2026-08-05 06:56:55
pay_7f21f96c72,order_182e8a28fb,235753,4715,849,0,setl_1e06c81748,230189.0,captured,2026-08-11 06:45:08,2026-08-13 06:45:08
pay_cf9f72fb05,order_51d326c9b6,432245,8645,1556,0,setl_0eb1241d07,422044.0,captured,2026-08-02 07:33:25,2026-08-04 07:33:25
pay_9860881946,order_3001353563,388784,3888,1400,0,setl_c07ef22f8e,383496.0,captured,2026-08-03 09:19:57,2026-08-05 09:19:57
pay_2d688a3c11,order_a83dd5ed77,180367,3607,649,0,setl_c07b1c9f02,176111.0,captured,2026-08-05 15:36:33,2026-08-07 15:36:33
pay_87242ebfb8,order_b4e0a1ede2,285202,5704,1027,0,setl_f48974e712,278471.0,captured,2026-08-04 09:39:43,2026-08-06 09:39:43
pay_78918b67a3,order_a0fbcdc093,196037,3921,706,0,setl_6f5ba881de,191410.0,captured,2026-08-12 05:30:01,2026-08-14 05:30:01
pay_df8620dcf1,order_193f47f16f,89523,1790,322,0,setl_7548bd5875,87411.0,captured,2026-08-11 18:08:32,2026-08-13 18:08:32
pay_969282e184,order_088b245528,498773,9975,1796,0,setl_4bb98f90ad,487002.0,captured,2026-08-14 08:35:15,2026-08-23 08:35:15
pay_30173c51f4,order_5d4af6e372,98896,1978,356,0,setl_cc4852cc91,96562.0,captured,2026-08-19 06:59:01,2026-08-21 06:59:01
pay_a7d127393d,order_e4aca6bc09,137194,2744,494,0,setl_d0febb6056,133956.0,captured,2026-08-10 20:45:12,2026-08-12 20:45:12
pay_29fcbb0e92,order_77dff432d2,162065,3241,583,0,setl_5e609ff709,158241.0,captured,2026-08-10 17:37:22,2026-08-12 17:37:22
pay_8b7d089502,order_66d4b15acf,136317,2726,491,0,setl_d349cf16d9,133100.0,captured,2026-08-10 04:46:04,2026-08-12 04:46:04
pay_8b7d089502,order_66d4b15acf,136317,2726,491,0,setl_d349cf16d9,133100.0,captured,2026-08-10 04:46:04,2026-08-12 04:46:04
pay_27b390c73c,order_80b0ca2092,189042,3781,681,0,setl_20e716e245,184580.0,captured,2026-08-20 00:45:15,2026-08-22 00:45:15
pay_c8b913916e,order_accee3eccc,199552,3991,718,0,setl_f2d58b9e25,194843.0,captured,2026-08-11 06:25:10,2026-08-13 06:25:10
pay_52eb1e2c6b,order_506fe872e0,432995,8660,1559,0,setl_ea257e2d43,422776.0,captured,2026-08-20 00:20:28,2026-08-22 00:20:28
pay_cc38e1c7a6,order_21d05fea33,426652,4266,1536,0,setl_3209370e6f,420850.0,captured,2026-08-12 19:30:23,2026-08-14 19:30:23
pay_1111f9d0a3,order_911cdbd92a,80662,1613,290,0,setl_682cbfcffc,78759.0,captured,2026-08-15 01:23:49,2026-08-17 01:23:49
pay_e52d679154,order_7bcaf59bb4,81959,1639,295,0,setl_760c1d815a,80025.0,captured,2026-08-19 03:43:38,2026-08-21 03:43:38
pay_d6fdf20ca8,order_ee7b52c4ea,76289,1526,275,0,setl_d8c2090c89,74488.0,captured,2026-08-15 04:18:29,2026-08-17 04:18:29
pay_1afbfcb624,order_ef3795e050,497070,9941,1789,0,setl_49a7262eaa,485340.0,captured,2026-08-13 21:24:12,2026-08-22 21:24:12
pay_cc5885430f,order_bbef113230,496348,9927,1787,0,,,captured,2026-08-05 12:15:03,2026-08-07 12:15:03
pay_8682889212,order_9136088afe,404005,8080,1454,0,setl_3fa5416364,394471.0,captured,2026-08-06 17:00:58,2026-08-08 17:00:58
pay_300fea82e0,order_7e00c13605,348673,6973,1255,0,setl_1305cb397f,340445.0,captured,2026-08-06 23:25:51,2026-08-08 23:25:51
pay_b525e99a26,order_1c91e8a4eb,70836,1417,255,0,setl_84bb261009,69164.0,captured,2026-08-16 00:48:57,2026-08-31 00:48:57
pay_e50fcb851b,order_f02ab6601d,324088,6482,1167,0,setl_b8b38ef356,316439.0,captured,2026-08-08 16:17:55,2026-08-10 16:17:55
pay_6287403057,order_9e679bf6c8,157090,3142,566,0,setl_04be09aa07,153382.0,captured,2026-08-17 06:08:37,2026-08-19 06:08:37
pay_42610df359,order_4fe6102e79,175140,3503,631,0,setl_70efa7c21c,171006.0,captured,2026-08-07 10:43:54,2026-08-09 10:43:54
